INSERT INTO almacen (nomalmacen, diralmacen, poblalmacen, cpalmacen, telalmacen, faxalmacen) VALUES ('La Botica del Abuelo', 'Cam√≠ Vell de Bunyola', 'Palma de Mallorca', '07009', '971434343', '971434344');
INSERT INTO almacen (nomalmacen, diralmacen, poblalmacen, cpalmacen, telalmacen, faxalmacen) VALUES ('Colmado de Mateo', 'Joan Maura', 'Palma de Mallorca', '07005', '971467911', '971776776');
INSERT INTO almacen (nomalmacen, diralmacen, poblalmacen, cpalmacen, telalmacen, faxalmacen) VALUES ('Almac√©n Norte', 'Pol√≠gono homogeneo', 'Alcudia', '07012', '971167911', '971111776');


INSERT INTO proveedor (nomproveedor, cifproveedor, cpproveedor) VALUES ('Tomeu', '45678098D', '07008');
INSERT INTO proveedor (nomproveedor, cifproveedor, cpproveedor) VALUES ('Cristina', '45679998D', '07008');
INSERT INTO proveedor (nomproveedor, cifproveedor, cpproveedor) VALUES ('Marco Aurelio', '45668998D', '07008');
INSERT INTO proveedor (nomproveedor, cifproveedor, cpproveedor) VALUES ('Torrijas', '45678995D', '07008');

INSERT INTO division (idproveedor, descdivision) VALUES (1, 'division 1 de mateu');
INSERT INTO division (idproveedor, descdivision) VALUES (1, 'division 2 de mateu');
INSERT INTO division (idproveedor, descdivision) VALUES (2, 'division 1 de cristina');
INSERT INTO division (idproveedor, descdivision) VALUES (2, 'division 2 de cristina');
INSERT INTO division (idproveedor, descdivision) VALUES (2, 'division 3 de cristina');
INSERT INTO division (idproveedor, descdivision) VALUES (4, 'division 1 de Torrijas');


INSERT INTO recargo (nomrecargo, tasarecargo) VALUES('Exento', 0);

INSERT INTO cliente (idrecargo, nomcliente, cifcliente, telcliente, poblcliente) VALUES(1, 'Pepma de la rioja', '39881444W', '971998877', 'Palma de Mallorca');
INSERT INTO cliente (idrecargo, nomcliente, cifcliente, telcliente, poblcliente) VALUES(1, 'Rene Merou', '43881555Z', '871998877', 'Campos');
INSERT INTO cliente (idrecargo, nomcliente, cifcliente, telcliente, poblcliente) VALUES(1, 'Dolores Fuertes de Barriga', '66881444E', '666998877', 'Muro');
INSERT INTO cliente (idrecargo, nomcliente, cifcliente, telcliente, poblcliente) VALUES(1, 'Pepe Gotera', '55881444W', '9321998877', 'Barcelona');

INSERT INTO tipo_iva (desctipo_iva, tasatipo_iva) VALUES('Exento', 0);
INSERT INTO tipo_iva (desctipo_iva, tasatipo_iva) VALUES('Normal', 16.00);

INSERT INTO marca (nommarca, urlmarca, comentmarca) VALUES('Nestl√©', 'www.nestle.com', 'Productos Aliment√≠cios');

INSERT INTO linea_prod (desclinea_prod, idmarca) VALUES('L√≠nea de producci√≥n 1', 1);

INSERT INTO articulo (codarticulo, nomarticulo, descarticulo, idtipo_iva, idlinea_prod) VALUES('1', 'Leche Entera', 'Brick leche entera 1 litro', 1, 1);
INSERT INTO articulo (codarticulo, nomarticulo, descarticulo, idtipo_iva, idlinea_prod) VALUES('2', 'Natillas', 'Pack dos envases de natillas de vainilla', 2, 1);
INSERT INTO articulo (codarticulo, nomarticulo, descarticulo, idtipo_iva, idlinea_prod) VALUES('3', 'Yogurt', 'Pack 4 unidades yogures sabores', 1, 1);
INSERT INTO articulo (codarticulo, nomarticulo, descarticulo, idtipo_iva, idlinea_prod) VALUES('4', 'Nestcaf√©', 'Bote 400 gramos caf√© soluble natural', 1, 1);

INSERT INTO pedido (numpedido, anopedido, fechapedido, descpedido, iddivision, idalmacen) VALUES('P-1', 2004, '25/10/2004', 'Pedido semanal de carne y pescado', 1, 1);
INSERT INTO pedido (numpedido, anopedido, fechapedido, descpedido, iddivision, idalmacen) VALUES('P-2', 2004, '30/10/2004', 'Pedido especial noche halloween', 2, 3);
INSERT INTO pedido (numpedido, anopedido, fechapedido, descpedido, iddivision, idalmacen) VALUES('P-3', 2004, '02/11/2004', 'Frutos secos de temporada', 3, 2);
INSERT INTO pedido (numpedido, anopedido, fechapedido, descpedido, iddivision, idalmacen) VALUES('P-4', 2004, '02/10/2004', 'Pedido semanal de lencer√≠a', 6, 1);

INSERT INTO lpedido (desclpedido, cantlpedido, pvdlpedido, prevlpedido, idpedido, idarticulo) VALUES (' ', 10, 1.2, '30/10/2004', 1, 1);
INSERT INTO lpedido (desclpedido, cantlpedido, pvdlpedido, prevlpedido, idpedido, idarticulo) VALUES (' ', 100, 2.23, '02/11/2004', 1, 2);
INSERT INTO lpedido (desclpedido, cantlpedido, pvdlpedido, prevlpedido, idpedido, idarticulo) VALUES (' ', 15, 3.34, '30/10/2004', 1, 3);
INSERT INTO lpedido (desclpedido, cantlpedido, pvdlpedido, prevlpedido, idpedido, idarticulo) VALUES (' ', 34, 11.20, '05/11/2004', 2, 1);
INSERT INTO lpedido (desclpedido, cantlpedido, pvdlpedido, prevlpedido, idpedido, idarticulo) VALUES (' ', 45, 2.55, '05/11/2004', 2, 3);
INSERT INTO lpedido (desclpedido, cantlpedido, pvdlpedido, prevlpedido, idpedido, idarticulo) VALUES (' ', 1, 4.28, '10/11/2004', 2, 4);
INSERT INTO lpedido (desclpedido, cantlpedido, pvdlpedido, prevlpedido, idpedido, idarticulo) VALUES (' ', 34, 1.7, '31/12/2004', 3, 2);
INSERT INTO lpedido (desclpedido, cantlpedido, pvdlpedido, prevlpedido, idpedido, idarticulo) VALUES (' ', 11, 1.3, '30/12/2004', 3, 3);
INSERT INTO lpedido (desclpedido, cantlpedido, pvdlpedido, prevlpedido, idpedido, idarticulo) VALUES (' ', 28, 2.2, '30/12/2004', 3, 4);
INSERT INTO lpedido (desclpedido, cantlpedido, pvdlpedido, prevlpedido, idpedido, idarticulo) VALUES (' ', 15, 3.2, '15/11/2004', 4, 1);
INSERT INTO lpedido (desclpedido, cantlpedido, pvdlpedido, prevlpedido, idpedido, idarticulo) VALUES (' ', 10, 8.59, '10/11/2004', 4, 2);
INSERT INTO lpedido (desclpedido, cantlpedido, pvdlpedido, prevlpedido, idpedido, idarticulo) VALUES (' ', 6, 6.15, '25/11/2004', 4, 3);

INSERT INTO alb_pro (anoalb_pro, ncompraalb_pro, nalbalb_pro, fcrealb_pro, frecepalb_pro, comentalb_pro, idalmacen) VALUES(2004, 1, '123', '01/12/2004', '30/11/2004', 'Albar√°n n¬∫ 123', 2);
INSERT INTO alb_pro (anoalb_pro, ncompraalb_pro, nalbalb_pro, fcrealb_pro, frecepalb_pro, comentalb_pro, idalmacen) VALUES(2004, 2, '2323', '15/11/2004', '10/11/2004', 'Albar√°n n¬∫ 2323', 1);
INSERT INTO alb_pro (anoalb_pro, ncompraalb_pro, nalbalb_pro, fcrealb_pro, frecepalb_pro, comentalb_pro, idalmacen) VALUES(2004, 3, '34', '23/11/2004', '23/11/2004', 'Albar√°n n¬∫ 34', 3);

INSERT INTO presupuesto (numpresupuesto, fpresupuesto, contactpresupuesto, telpresupuesto, vencpresupuesto, comentpresupuesto, idusuari, idcliente) VALUES (1, '30/11/2004', 'Primer Contacto', '971 32 32 78', '12/12/2004', 'Sin comentarios', 1, 1);
INSERT INTO presupuesto (numpresupuesto, fpresupuesto, contactpresupuesto, telpresupuesto, vencpresupuesto, comentpresupuesto, idusuari, idcliente) VALUES (2, '29/11/2004', 'Segundo Contacto', '91 454 45 30', '13/12/2004', 'Sin comentarios', 1, 1);
INSERT INTO presupuesto (numpresupuesto, fpresupuesto, contactpresupuesto, telpresupuesto, vencpresupuesto, comentpresupuesto, idusuari, idcliente) VALUES (3, '10/11/2004', 'Tercer Contacto', '971 29 06 29', '14/12/2004', 'Sin comentarios', 1, 2);

INSERT INTO suministra (idarticulo, idproveedor) VALUES (1, 1);
INSERT INTO suministra (idarticulo, idproveedor) VALUES (2, 1);
INSERT INTO suministra (idarticulo, idproveedor) VALUES (3, 2);
INSERT INTO suministra (idarticulo, idproveedor) VALUES (4, 2);
INSERT INTO suministra (idarticulo, idproveedor) VALUES (2, 3);
INSERT INTO suministra (idarticulo, idproveedor) VALUES (3, 3);
INSERT INTO suministra (idarticulo, idproveedor) VALUES (4, 1);

INSERT INTO forma_pago (descforma_pago, dias1tforma_pago, descuentoforma_pago) VALUES ('Contado', 1, 5);
INSERT INTO forma_pago (descforma_pago, dias1tforma_pago, descuentoforma_pago) VALUES ('Pagare 30 dÌas', 30, 0);
INSERT INTO forma_pago (descforma_pago, dias1tforma_pago, descuentoforma_pago) VALUES ('Pagare 60 dÌas', 60, 0);
INSERT INTO forma_pago (descforma_pago, dias1tforma_pago, descuentoforma_pago) VALUES ('TalÛn 15 dias', 15, 1);

INSERT INTO prfp (idpresupuesto, idforma_pago) VALUES (1, 1);
INSERT INTO prfp (idpresupuesto, idforma_pago) VALUES (2, 2);
INSERT INTO prfp (idpresupuesto, idforma_pago) VALUES (3, 3);